<?xml version="1.0" encoding="utf-8"?>
<qrcodes>

	<qrcode>
		<!-- Information for encoding -->
		<content>Hello world!</content>
		<!-- Scale of the Qr Code size (default 1.0) -->
		<scale>0.8</scale>
		<!-- File formats for export [png,svg,ai,jpg,eps,pdf] (default: ai, png) -->
		<formats>png,svg</formats>
		<!-- Error correction capability 1-4 (default: 4) -->
		<ecc>3</ecc>
		<!-- Primary color fills in CMYK format (default: 0,0,0,100) -->
		<color>88,39,54,18</color>
	</qrcode>

	<qrcode>http://bit.ly/He2Vzv</qrcode>

	<qrcode>
		<content>BEGIN:VCARD\\N:Gump;Forrest\\TITLE:Shrimp Man\\TEL:(404) 555-1212\\ADR:100 Waters Edge;Baytown;LA;30314;United States of America\\EMAIL:forrestgump@example.com\\END:VCARD</content>
		<formats>svg,png</formats>
	</qrcode>

	<qrcode>
		<content>WIFI:T:WPA;S:mynetwork;P:mypass;;</content>
		<scale>0.55</scale>
		<ecc>3</ecc>
	</qrcode>

</qrcodes>